Tipo,Nombre,Año de Estreno,Mes de Estreno,ID
Movie,Wazir,2016,1,tt0315642
Movie,Aman Ke Farishtey,2016,5,tt0364201
Movie,Cell,2016,6,tt0775440
Movie,Warcraft,2016,5,tt0803096
Movie,Maximum Ride,2016,8,tt0825283
Movie,The Legend of Tarzan,2016,7,tt0918940
Movie,SIUAT Sumanth 3,2016,1,tt10022870
Movie,Mercenarios en acción,2016,12,tt10104138
Movie,Doodh Ka Karz,2016,9,tt10102292
Movie,Special Forces,2016,2,tt10219512
Movie,Made In Maharashtra,2016,7,tt10218440
Movie,Lu Mafia Gua Gangster,2016,4,tt10222594
Movie,Resbak,2016,1,tt10230276
Movie,Juara,2016,4,tt10329546
Movie,Shootout,2016,10,tt10353562
Movie,Once a Soja: Agubiri the Gateman,2016,3,tt10417584
Movie,Kapitano,2016,3,tt10417656
Movie,The Ivory Trap: Akanawuusu,2016,3,tt10417644
Movie,Xue zhan Tong Luo Wan,2016,5,tt10438324
Movie,Xue zhan Tong Luo Wan 2,2016,10,tt10438336
Movie,Akoran,2016,8,tt10457400
Movie,Lethal Point,2016,12,tt10673280
Movie,Buzz and His Friends 4,2016,8,tt10804128
Movie,Alien: Fata Morgana,2016,10,tt10858444
Movie,Alien: Liang Sheng Yao,2016,11,tt10858632
Movie,Stick-Up,2016,7,tt10949640
Movie,Merciful Heart,2016,,tt11068286
Movie,Chhappar Phaar Kay,2016,10,tt11117442
Movie,Free State of Jones,2016,9,tt1124037
Movie,79 Parts,2016,5,tt1136822
Movie,"Ve Si, Tieu Thu & Thang Kho",2016,12,tt11610444
Movie,The Vanquisher,2016,3,tt1161457
Movie,American Knights,2016,2,tt11853708
Movie,Chelsea FC vs Stoke City,2016,3,tt12004008
Movie,Antivirus medzi stromami,2016,8,tt12033586
Movie,Doctor Strange,2016,10,tt1211837
Movie,A Round Trip to Love,2016,9,tt12331732
Movie,Archangel Alpha,2016,No consta,tt1237836
Movie,Kollegala,2016,4,tt12376688
Movie,Sojiga,2016,12,tt12619178
Movie,CD Leganés vs CA Osasuna,2016,11,tt12701900
Movie,CD Leganés vs FC Barcelona,2016,9,tt12701932
Movie,CF Reus Deportiu vs CD Tenerife,2016,10,tt12702086
Movie,CF Reus Deportiu vs Rayo Vallecano,2016,9,tt12702076
Movie,CF Reus Deportiu vs CD Numancia,2016,9,tt12702080
Movie,CF Reus Deportiu vs Cádiz CF,2016,9,tt12702072
Movie,CF Reus Deportiu vs CD Lugo,2016,10,tt12702042
Movie,CD Leganés vs Atlético Madrid,2016,8,tt12701938
Movie,CD Leganés vs Real Sociedad,2016,10,tt12701894
Movie,CD Leganés vs CD Numancia,2016,5,tt12701962
Movie,CD Leganés vs Villarreal CF,2016,12,tt12701888
Movie,CD Leganés vs SD Eibar,2016,12,tt12701884
Movie,Laliga2 25. Matchday CD Leganés vs CA Osasuna,2016,2,tt12701984
Movie,Córdoba CF vs CD Leganés,2016,1,tt12702000
Movie,CD Leganés vs SD Ponferradina,2016,4,tt12701958
Movie,Laliga2 41. Matchday CD Leganés vs UE Llagostera,2016,5,tt12701954
Movie,CD Leganés vs Sevilla FC,2016,10,tt12701952
Movie,CD Leganés vs CD Tenerife,2016,3,tt12701968
Movie,CD Leganés vs Valencia CF,2016,11,tt12701516
Movie,CD Leganés vs Elche CF,2016,3,tt12701976
Movie,CD Leganés vs Deportivo Alavés,2016,2,tt12701972
Movie,CD Leganés vs UD Almería,2016,1,tt12701994
Movie,SD Eibar vs Sevilla FC,2016,9,tt12715210
Movie,Túl Drága Kirohanás - Extravagant Blunder,2016,8,tt12768060
Movie,Ura shakai no otoko-tachi dainisho,2016,,tt12842218
Movie,Shinjuku kuro shakai Shinjuku yakuza VS chainizumafia,2016,,tt12845664
Movie,Shin Nihon no shuryo 6,2016,,tt12845698
Movie,Kyushu polar war,2016,,tt12845624
Movie,Shin Nihon no shuryo 4,2016,,tt12845790
Movie,Black Mamba,2016,6,tt6096418
Movie,Ghostbusters,2016,7,tt1289401
Movie,Pesadilla Infernal,2016,No consta,tt12900656
Movie,Pesadilla Infernal,2016,No consta,tt12900684
Movie,Maasi Veedhi,2016,4,tt12961170
Movie,Kaifiyat,2016,2,tt12981428
Movie,Gajapade,2016,2,tt13187670
Movie,Vozvraschenie v Izumrudniy gorod,2016,1,tt13220764
Movie,Rumble in Lüdenscheid,2016,12,tt13276754
Movie,Paris Saint-Germain vs Arsenal,2016,9,tt13405248
Movie,Borussia Dortmund vs Bayern Munich,2016,3,tt13416936
Movie,Manchester City vs Paris Saint-Germain,2016,4,tt13416954
Movie,Derby Della Capitale,2016,12,tt13423636
Movie,Juventus vs Bayern Munich,2016,2,tt13446160
Movie,Paris Saint-Germain vs Chelsea,2016,2,tt13446218
Movie,Dynamo Kiev vs Manchester City,2016,2,tt13446196
Movie,Kyodai hiroin mugen no seresutia,2016,4,tt13485126
Movie,Lego Minecraft Movie 2,2016,5,tt13504956
Movie,Lego Minecraft Movie 3,2016,12,tt13505540
Movie,Pride and Prejudice and Zombies,2016,2,tt1374989
Movie,Baje Chele,2016,4,tt13779584
Movie,Sinbad and the Pirate Princess,2016,8,tt13812996
Movie,Paglee,2016,11,tt13820386
Movie,Lego Justice League vs the Avengers,2016,11,tt13836554
Movie,Suicide Squad,2016,8,tt1386697
Movie,I Scream,2016,12,tt13928066
Movie,Deadpool,2016,2,tt1431045
Movie,Sahel-e Amn,2016,No consta,tt14402336
Movie,El patrón,2016,,tt14423822
Movie,Stunning in battle,2016,6,tt14484246
Movie,Tiger Sultan,2016,8,tt14575098
Movie,Sri Chakram,2016,4,tt14604582
Movie,Bullet Rani,2016,3,tt14611992
Movie,El juego final,2016,,tt14630554
Movie,Max Steel,2016,10,tt1472584
Movie,Burning of opium stocks,2016,12,tt14774658
Movie,Hounty hunter,2016,10,tt14774876
Movie,Central Intelligence,2016,6,tt1489889
Movie,Cuidando la plaza,2016,,tt14927032
Movie,El azul,2016,,tt15022614
Movie,The Holy Man,2016,10,tt1503790
Movie,Minecraft: Prisão - O Filme,2016,7,tt15185082
Movie,Halcón Negro,2016,7,tt15220258
Movie,Oyqiz ertagi,2016,,tt15234314
Movie,Last Paradise,2016,8,tt1523320
Movie,Black Death Games,2016,12,tt15264694
Movie,True Memoirs of an International Assassin,2016,11,tt1542768
Movie,The Widows Assassin,2016,11,tt15489100
Movie,Zoolander 2,2016,2,tt1608290
Movie,Independence Day: Resurgence,2016,6,tt1628841
Movie,Wild Oats,2016,11,tt1655461
Movie,Message from the King,2016,5,tt1712192
Movie,Triple 9,2016,4,tt1712261
Movie,59 Seconds,2016,2,tt1720035
Movie,Sole Proprietor,2016,8,tt1733729
Movie,Mercury Plains,2016,2,tt1753786
Movie,The Local 504,2016,6,tt1846773
Movie,Deepwater Horizon,2016,9,tt1860357
Movie,The Icing,2016,4,tt1905047
Movie,Altered Spirits,2016,No consta,tt1945053
Movie,Battle B-Boy,2016,12,tt1947969
Movie,Angry Birds,2016,5,tt1985949
Movie,Surge of Power: Revenge of the Sequel,2016,9,tt1989632
Movie,The Blueberry Hunt,2016,4,tt2009592
Movie,The Finest Hours,2016,1,tt2025690
Movie,Six Gun Savior,2016,7,tt2027215
Movie,USS Indianapolis: Men of Courage,2016,10,tt2032572
Movie,The Great Wall,2016,2,tt2034800
Movie,Breakout,2016,7,tt2072934
Movie,Assassin's Creed,2016,1,tt2094766
Movie,Gearheads,2016,1,tt2094825
Movie,Dead South,2016,,tt2106616
Movie,Spectral,2016,12,tt2106651
Movie,Bastard Son of a Thousand Fathers,2016,8,tt2112902
Movie,Collide,2016,8,tt2126235
Movie,The Pineville Heist,2016,4,tt2125663
Movie,The Accountant,2016,11,tt2140479
Movie,Robot Wars,2016,8,tt2179237
Movie,Bachelor Games,2016,7,tt2190451
Movie,Mobster: A Call for the New Order,2016,6,tt2197278
Movie,La 4ª Compañía,2016,4,tt2197926
Movie,Aztec Warrior,2016,,tt2237914
Movie,Jue di tao wang,2016,8,tt2238032
Movie,War of Angels,2016,12,tt2241017
Movie,You're F@#K'n Dead!,2016,6,tt2243784
Movie,Ancient Tomorrow,2016,11,tt2246567
Movie,A Devil's Game,2016,10,tt2251106
Movie,Vilsen,2016,12,tt2256570
Movie,Piloto,2016,,tt2259968
Movie,Kung Fu Panda 3,2016,4,tt2267968
Movie,Neron,2016,3,tt2268018
Movie,End of a Gun,2016,11,tt2268433
Movie,Otaku Vampires,2016,5,tt2301045
Movie,The 5th Wave,2016,1,tt2304933
Movie,Only I...,2016,,tt2338110
Movie,Beyond the Call to Duty,2016,6,tt2351392
Movie,Code 0044,2016,2,tt2360356
Movie,Live by Night,2016,1,tt2361317
Movie,Frankenstein Created Bikers,2016,4,tt2364673
Movie,Bastille Day,2016,5,tt2368619
Movie,Criticsized,2016,12,tt2370138
Movie,Taryn Barker: Demon Hunter,2016,6,tt2375585
Movie,Sundown,2016,4,tt2381213
Movie,The Huntsman: Winter's War,2016,4,tt2381991
Movie,Keeping Up with the Joneses,2016,10,tt2387499
Movie,Achcham Yenbadhu Madamaiyada,2016,11,tt2401585
Movie,Expendable Assets,2016,10,tt2403945
Movie,Gods of Egypt,2016,2,tt2404233
Movie,Date with a Hammer,2016,,tt2403884
Movie,The Magnificent Seven,2016,9,tt2404435
Movie,Nobody's Perfect,2016,5,tt2410290
Movie,Indians & Cowboys,2016,10,tt2435486
Movie,Strait & Narrow,2016,9,tt2457330
Movie,The American Gandhi,2016,,tt2460594
Movie,Krigarnas ö,2016,5,tt2474838
Movie,Happy Log,2016,,tt2499358
Movie,Spray Paint Beijing,2016,6,tt2505568
Movie,Billy Lynn's Long Halftime Walk,2016,11,tt2513074
Movie,Convention of the Dead,2016,,tt2529940
Movie,Medal of Victory,2016,4,tt2535394
Movie,Supernal Darkness/Protege Project,2016,,tt2536136
Movie,Haima,2016,9,tt2545652
Movie,Hell or High Water,2016,10,tt2582782
Movie,Resident Evil: The Final Chapter,2016,1,tt2592614
Movie,Lockhart: Unleashing the Talisman,2016,4,tt2596368
Movie,Ben-Hur,2016,8,tt2638144
Movie,Cranium Intel,2016,5,tt2642226
Movie,"Crouching Tiger, Hidden Dragon: Sword of Destiny",2016,2,tt2652118
Movie,Lucha Mexico,2016,7,tt2662710
Movie,Club Dancer,2016,4,tt2658660
Movie,Fork,2016,6,tt2662178
Movie,Star Trek: Beyond,2016,7,tt2660888
Movie,Kill Command,2016,8,tt2667380
Movie,The Last Tour,2016,4,tt2669286
Movie,They Call Me Superseven,2016,1,tt2692938
Movie,Birth of the Dragon,2016,8,tt2720826
Movie,High School 911,2016,,tt2736168
Movie,Freshwater,2016,2,tt2751140
Movie,Monumental,2016,10,tt2784020
Movie,Take Down,2016,5,tt2782844
Movie,Peter en de Draak,2016,10,tt2788732
Movie,Motherland,2016,,tt2795480
Movie,Ratchet & Clank,2016,4,tt2865120
Movie,Ride Along 2,2016,2,tt2869728
Movie,The Hatching,2016,9,tt2938464
Movie,Lets Kill Mommy,2016,,tt2940766
Movie,Batman v Superman: Dawn of Justice,2016,3,tt2975590
Movie,Term Life,2016,6,tt2978102
Movie,Kamikaze,2016,12,tt2991368
Movie,Searchdog,2016,,tt3006840
Movie,Daylight's End,2016,9,tt3007132
Movie,Rising Fear,2016,5,tt3006588
Movie,Shangri-La Suite,2016,10,tt3014078
Movie,Arrowhead,2016,6,tt3013160
Movie,Criminal,2016,8,tt3014866
Movie,Crossing Point,2016,5,tt3027716
Movie,Tiszta szívvel,2016,4,tt3037164
Movie,Lost Angels United,2016,3,tt3060008
Movie,Inferno,2016,10,tt3062096
Movie,Jessica,2016,2,tt3068932
Movie,Forgotten in Still Frame,2016,2,tt3078988
Movie,No Name Sam,2016,1,tt3079814
Movie,Kickboxer: Vengeance,2016,9,tt3082898
Movie,6 Bullets to Hell,2016,5,tt3090110
Movie,Monster Trucks,2016,1,tt3095734
Movie,Other World,2016,,tt3096422
Movie,The Masked Saint,2016,1,tt3103166
Movie,Hectic Knife,2016,7,tt3106878
Movie,The Hunt,2016,No consta,tt3108154
Movie,Now You See Me 2,2016,6,tt3110958
Movie,Don't Kill It,2016,3,tt3113696
Movie,Kizumonogatari I: Tekketsu-hen,2016,1,tt3138698
Movie,Exclusion,2016,6,tt3144712
Movie,Paid in Full,2016,4,tt3149890
Movie,Fight to the Finish,2016,2,tt3152288
Movie,Buckle Up Punk!,2016,7,tt3150402
Movie,Project 12: The Bunker,2016,1,tt3157640
Movie,Tales of Albion,2016,12,tt3160226
Movie,Let It Bleed,2016,9,tt3176414
Movie,Americano,2016,1,tt3181400
Movie,The Asian Connection,2016,5,tt3187378
Movie,Toxic Apocalypse,2016,8,tt3201572
Movie,The Contract,2016,1,tt3203364
Movie,Quadrant 9EV9,2016,3,tt3205438
Movie,I Am Wrath,2016,4,tt3212232
Movie,Spark: A Space Tail,2016,5,tt3228088
Movie,The Journey to Aresmore,2016,1,tt3231530
Movie,Risen,2016,3,tt3231054
Movie,Submerged,2016,2,tt3236976
Movie,Ibiza Undead,2016,3,tt3238502
Movie,London Has Fallen,2016,3,tt3300542
Movie,Trespass Against Us,2016,3,tt3305308
Movie,Bravo 1,2016,6,tt3320276
Movie,Shadow of the Lotus,2016,,tt3345528
Movie,El Sueño,2016,5,tt3365084
Movie,Compadres,2016,3,tt3367294
Movie,Breakdown,2016,1,tt3381610
Movie,Grimsby,2016,2,tt3381008
Movie,X-Men: Apocalypse,2016,5,tt3385516
Movie,Jack Reacher: Never Go Back,2016,10,tt3393786
Movie,Revengeance,2016,10,tt3401174
Movie,Time Rush,2016,1,tt3399078
Movie,Piranha Sharks,2016,1,tt3400060
Movie,Allegiant,2016,3,tt3410834
Movie,Rocky Handsome,2016,2,tt3410408
Movie,Hello Gangster,2016,6,tt3429784
Movie,Five-O,2016,4,tt3437996
Movie,Splinter Cell: Ukryty w cieniu,2016,2,tt3445232
Movie,Assault to Freedom,2016,No consta,tt3445074
Movie,Bus Driver,2016,10,tt3453648
Movie,10 Seconds to Run,2016,,tt3473092
Movie,Outlaws and Angels,2016,1,tt3491962
Movie,Fan,2016,4,tt3495026
Movie,Captain America: Civil War,2016,4,tt3498820
Movie,The National Union of Space People,2016,,tt3503734
Movie,Retribution,2016,,tt3516420
Movie,Mechanic: Resurrection,2016,9,tt3522806
Movie,Terrordactyl,2016,6,tt3524346
Movie,Krampus: The Devil Returns,2016,10,tt3527772
Movie,Nerve,2016,9,tt3531824
Movie,Kotigobba 2,2016,,tt3540016
Movie,Beyond the Game,2016,,tt3546678
Movie,Dora's Peace,2016,8,tt3556394
Movie,"Fear, Inc.",2016,10,tt3560148
Movie,Saya E Khuda E Zuljalal,2016,12,tt3563080
Movie,Blue Jay,2016,12,tt3574352
Movie,Ungodly Salvage,2016,12,tt3576382
Movie,Canadian Ninja,2016,6,tt3584554
Movie,54:17,2016,No consta,tt3585156
Movie,Compartment,2016,9,tt3592252
Movie,Lost in the Sun,2016,2,tt3593046
Movie,The Cardinal Rule,2016,8,tt3595744
Movie,Blood Sombrero,2016,4,tt3603104
Movie,In a Valley of Violence,2016,10,tt3608930
Movie,The Pastor,2016,1,tt3610326
Movie,Dallas,2016,2,tt3614246
Movie,The Welcoming Attack,2016,No consta,tt3617108
Movie,The Chemist,2016,8,tt3616894
Movie,The Silent Lynx,2016,3,tt3624078
Movie,Phantasm: Ravager,2016,10,tt3627704
Movie,Cardinal Matter,2016,7,tt3634908
Movie,Allied,2016,1,tt3640424
Movie,Blood Father,2016,9,tt3647498
Movie,ID2: Shadwell Army,2016,8,tt3652964
Movie,Union Bound,2016,4,tt3663680
Movie,Khun Phan,2016,7,tt3665704
Movie,Dishoom,2016,7,tt3679060
Movie,Angel of Reckoning,2016,9,tt3677840
Movie,Viraat,2016,1,tt3686256
Movie,Game of Aces,2016,9,tt3687118
Movie,Downhill,2016,1,tt3684500
Movie,Let Me Make You a Martyr,2016,6,tt3699372
Movie,War on Everyone,2016,12,tt3708886
Movie,Roshtalivik,2016,8,tt3714638
Movie,Snare,2016,9,tt3713392
Movie,Until the Day I Die: Part 1,2016,1,tt3715870
Movie,Underworld: Blood Wars,2016,12,tt3717252
Movie,Zorawar,2016,5,tt3721462
Movie,Anuk 2: The Fire Mountain,2016,7,tt3728388
Movie,Hoodfella All In,2016,12,tt3732610
Movie,Shankara,2016,10,tt3740118
Movie,Star Wars: Rogue One,2016,12,tt3748528
Movie,Survival Instinct,2016,6,tt3750692
Movie,Dias Santana,2016,4,tt3752572
Movie,The Key,2016,6,tt3757374
Movie,The Brooklyn Banker,2016,8,tt3758564
Movie,Shivaay,2016,10,tt3771536
Movie,Pandemic,2016,4,tt3774802
Movie,Scorpion: Vice City Shakedown,2016,6,tt3793746
Movie,The Nice Guys,2016,5,tt3799694
Movie,The Innocent Bastard,2016,11,tt3810486
Movie,Vector III,2016,6,tt3813258
Movie,Second Chance,2016,1,tt3826452
Movie,How We Met,2016,6,tt3835250
Movie,Yoga Hosers,2016,9,tt3838992
Movie,Seoulyeok,2016,8,tt3845670
Movie,Kreep,2016,No consta,tt3846182
Movie,Star Trek: Horizon,2016,2,tt3854562
Movie,In April,2016,,tt3856350
Movie,Mohenjo Daro,2016,8,tt3859980
Movie,Until the Day I Die: Part 2,2016,1,tt3863892
Movie,Mandya to Mumbai,2016,12,tt3878830
Movie,Slade Collins in and Out of Time,2016,11,tt3883842
Movie,Lucky,2016,9,tt3890902
Movie,Cyborg X,2016,,tt3899262
Movie,Vigilante Diaries,2016,6,tt3903852
Movie,David & Wally: Buddy Cops,2016,11,tt3913868
Movie,Alleycats,2016,6,tt3917318
Movie,The Code of Cain,2016,5,tt3918774
Movie,Mais Forte que o Mundo: A História de José Aldo,2016,6,tt3918584
Movie,The Call Up,2016,5,tt3923388
Movie,The Siege of Jadotville,2016,10,tt3922798
Movie,Big Bad,2016,8,tt3949216
Movie,Teenage Mutant Ninja Turtles: Out of the Shadows,2016,6,tt3949660
Movie,Leap,2016,1,tt3951298
Movie,Five,2016,7,tt3959564
Movie,Marauders,2016,7,tt3963816
Movie,Bieffekterna,2016,3,tt3974320
Movie,Revanche,2016,9,tt3982768
Movie,Red Billabong,2016,8,tt4011010
Movie,Agent 5,2016,10,tt4012968
Movie,Moondraam Ullaga Por,2016,1,tt4020644
Movie,Timber the Treasure Dog,2016,1,tt4030354
Movie,Cut to the Chase,2016,3,tt4034390
Movie,The Shallows,2016,8,tt4052882
Movie,Virtual Revolution,2016,10,tt4054004
Movie,Dog Eat Dog,2016,11,tt4054654
Movie,Code of Honor,2016,5,tt4060866
Movie,AmeriGeddon,2016,5,tt4059702
Movie,South of 8,2016,5,tt4062756
Movie,Wo de te gong ye ye,2016,4,tt4076934
Movie,Man in a Cage,2016,3,tt4083496
Movie,The Cool Crew,2016,,tt4092282
Movie,The Purge: Election Year,2016,7,tt4094724
Movie,The Tail Job,2016,1,tt4100252
Movie,Khange Tha Game,2016,10,tt4107028
Movie,Caged No More,2016,1,tt4104354
Movie,Off Sides 2016,2016,9,tt4107038
Movie,Revenge of the Gweilo,2016,2,tt4110978
Movie,Le convoi,2016,1,tt4117206
Movie,American Bred,2016,4,tt4125630
Movie,Mission NinetyTwo: Dragonfly,2016,5,tt4136008
Movie,Keanu,2016,4,tt4139124
Movie,Maverick: Manhunt Brazil,2016,9,tt4143066
Movie,Rampage: President Down,2016,8,tt4146622
Movie,Arc de Barà,2016,10,tt4148942
Movie,Falling Ash,2016,12,tt4146792
Movie,Free Fire,2016,4,tt4158096
Movie,13 Hours,2016,2,tt4172430
Movie,Where Love Found Me,2016,1,tt4174926
Movie,Decommissioned,2016,1,tt4177822
Movie,Yatim khaneye Iran,2016,10,tt4190256
Movie,Anthropoid,2016,9,tt4190530
Movie,Tatara Samurai,2016,5,tt4197474
Movie,Jason Bourne,2016,7,tt4196776
Movie,Höre die Stille,2016,5,tt4201422
Movie,Criminal Intention,2016,No consta,tt4212446
Movie,Toro,2016,4,tt4213806
Movie,Stage V,2016,,tt4214806
Movie,Wrecker,2016,1,tt4227282
Movie,Su Saek,2016,3,tt4231594
Movie,This Giant Papier-Mâché Boulder Is Actually Really Heavy,2016,2,tt4231486
Movie,My Father Die,2016,1,tt4242100
Movie,Beta Test,2016,7,tt4244162
Movie,All Girls Weekend,2016,7,tt4247682
Movie,Shin Gojira,2016,7,tt4262980
Movie,Scene Queen,2016,12,tt4272776
Movie,Fight Valley,2016,7,tt4280822
Movie,North by El Norte,2016,8,tt4292992
Movie,The Junior Squad,2016,3,tt4299398
Movie,Io sono nulla,2016,,tt4295322
Movie,Unwanted,2016,6,tt4295740
Movie,Backseat Fighter,2016,11,tt4299828
Movie,Kubo en het Magische Zwaard,2016,8,tt4302938
Movie,Lady Bloodfight,2016,11,tt4327752
Movie,Leste Oeste,2016,,tt4328186
Movie,The Lone Road,2016,3,tt4328978
Movie,The Bad Batch,2016,9,tt4334266
Movie,Carnage Park,2016,7,tt4335650
Movie,Direct Ishq,2016,2,tt4340180
Movie,Uptake Fear,2016,8,tt4343130
Movie,The Face,2016,4,tt4345666
Movie,Bad Start,2016,9,tt4346324
Movie,David and Goliath,2016,7,tt4352408
Movie,Ctrl Alt Delete,2016,2,tt4362644
Movie,Golden Years,2016,4,tt4362646
Movie,Detour,2016,5,tt4372390
Movie,Rise of the Empire,2016,,tt4372766
Movie,Revenge of the Worthless,2016,7,tt4374126
Movie,Arcadia,2016,10,tt4377942
Movie,Midnight Show,2016,3,tt4379102
Movie,San ren xing,2016,6,tt4379728
Movie,Strike at Dawn,2016,6,tt4383502
Movie,Like Lambs,2016,4,tt4396722
Movie,I Am Joe,2016,5,tt4400688
Movie,Nenu Sailaja,2016,1,tt4417510
Movie,We Still Steal the Old Way,2016,1,tt4418398
Movie,Saraba Abunai deka,2016,1,tt4426130
Movie,The Great British Mortgage Swindle,2016,12,tt4430570
Movie,Terra Formars,2016,4,tt4433646
Movie,Udta Punjab,2016,6,tt4434004
Movie,Officer Downe,2016,11,tt4439102
Movie,Off-Piste,2016,9,tt4443856
Movie,Tiger Raid,2016,10,tt4447518
Movie,Level Up,2016,8,tt4447108
Movie,Frank Phoenix,2016,5,tt4459890
Movie,The Arc,2016,3,tt4470260
Movie,Mafiya: Igra na vyzhivanie,2016,1,tt4471388
Movie,Jerico,2016,3,tt4478168
Movie,Attack of the Killer Donuts,2016,11,tt4480398
Movie,Web of Spider Man 2: End of Time,2016,6,tt4485174
Movie,Grindsploitation,2016,7,tt4490348
Movie,Interrogation,2016,9,tt4497338
Movie,Joke's on Me,2016,4,tt4506232
Movie,Terror Birds,2016,3,tt4514660
Movie,Albion: The Enchanted Stallion,2016,4,tt4518260
Movie,Dark Thoughts,2016,6,tt4516620
Movie,Morgan,2016,4,tt4520364
Movie,Begger Su,2016,8,tt4517226
Movie,Against the Wild 2: Survive the Serengeti,2016,2,tt4519312
Movie,Dishonoured,2016,2,tt4523218
Movie,Hounds of Zaroff,2016,6,tt4523220
Movie,Science Fiction Volume One: The Osiris Child,2016,5,tt4536768
Movie,Paradox,2016,4,tt4540434
Movie,Sardaar Gabbar Singh,2016,4,tt4545630
Movie,South32,2016,7,tt4544614
Movie,Xoris Elpida Epiviosis 2,2016,3,tt4546194
Movie,The Girl with All the Gifts,2016,9,tt4547056
Movie,Housefull 3,2016,6,tt4559046
Movie,Journeyman,2016,,tt4566706
Movie,Patriots Day,2016,1,tt4572514
Movie,The Cliff,2016,11,tt4575982
Movie,Nitro Rush,2016,11,tt4579914
Movie,TED Rising,2016,5,tt4585650
Movie,Showdown in Manila,2016,1,tt4586626
Movie,Xi you ji zhi: Sun Wukong san da Baigu Jing,2016,2,tt4591310
Movie,Eliminators,2016,12,tt4587366
Movie,Inkarnacija,2016,12,tt4588874
Movie,The Stop Hit,2016,,tt4596160
Movie,Gladiator Wars,2016,7,tt4601740
Movie,Gejsza,2016,4,tt4604628
Movie,Deadman Apocalypse,2016,6,tt4606498
Movie,Kút,2016,9,tt4606770
Movie,Dragon Emperor,2016,10,tt4611050
Movie,Em Nome da Lei,2016,4,tt4612304
Movie,The Perfect Weapon,2016,9,tt4616250
Movie,Spaghettiman,2016,,tt4626970
Movie,Ansatsu kyôshitsu: sotsugyô hen,2016,3,tt4641264
Movie,Sinbad: soratobu hime to himitsu no shima Part 2,2016,1,tt4641286
Movie,Warrior Savitri,2016,8,tt4642936
Movie,Sinbad: soratobu hime to himitsu no shima Part 3,2016,5,tt4643142
Movie,Precious Cargo,2016,4,tt4651410
Movie,The Warriors Gate,2016,4,tt4652532
Movie,The Unseen,2016,7,tt4667084
Movie,Whiteblade,2016,5,tt4667330
Movie,Star Trek: Captain Pike,2016,No consta,tt4669408
Movie,Copenhagen Ninja,2016,2,tt4676218
Movie,Project Fourteen,2016,8,tt4680618
Movie,The Miller Prediction,2016,5,tt4678654
Movie,The Crooked Mind,2016,9,tt4681932
Movie,Ghayal Once Again,2016,2,tt4683366
Movie,Range 15,2016,6,tt4687276
Movie,Tie dao fei hu,2016,12,tt4687848
Movie,Parasites,2016,1,tt4688294
Movie,The Fisher: Rampage,2016,1,tt4694134
Movie,Bad Cat,2016,2,tt4695548
Movie,Street Soldiers,2016,2,tt4694612
Movie,Slasher House 2,2016,10,tt4699434
Movie,Hei bai,2016,3,tt4703714
Movie,Too Young to Die! Wakakushite shinu,2016,2,tt4717204
Movie,I Am Hooligan,2016,9,tt4717746
Movie,Golden Treasure,2016,3,tt4717534
Movie,Enter the Cage,2016,,tt4736162
Movie,Birkebeinerne,2016,2,tt4738360
Movie,Uriyadi,2016,5,tt4741412
Movie,Bloodshed,2016,3,tt4739468
Movie,American Bystander,2016,4,tt4745762
Movie,The Last Heist,2016,6,tt4743562
Movie,Natural Reaction,2016,6,tt4755444
Movie,Kindergarten Cop 2,2016,5,tt4763168
Movie,Vengeance,2016,5,tt4765968
Movie,Tangled Web,2016,8,tt4768860
Movie,Bloodshed 2,2016,12,tt4768296
Movie,Cuentas Por Cobrar,2016,10,tt4773312
Movie,"Goodbye Darling, I'm Off to Fight",2016,4,tt4769468
Movie,Project D: Classified,2016,3,tt4770876
Movie,The Do-Over,2016,5,tt4769836
Movie,The Perfect Plan,2016,,tt4774192
Movie,Swap,2016,6,tt4776564
Movie,The Promise,2016,6,tt4776998
Movie,I Had a Bloody Good Time at House Harker,2016,10,tt4779026
Movie,Tehdit: Siber Coküs,2016,5,tt4778354
Movie,Gun Self-Defense for Women,2016,No consta,tt4780902
Movie,SMART,2016,,tt4781586
Movie,Selfie 69,2016,9,tt4796634
Movie,She Kills,2016,5,tt4801352
Movie,Mondo Yakuza,2016,11,tt4800448
Movie,Project K.I.T.T.,2016,6,tt4805700
Movie,Sêrâ-fuku to kikanjû: Sotsugyô,2016,3,tt4807908
Movie,Cuerpo de élite,2016,8,tt4806012
Movie,The Seoul Survivor,2016,11,tt4823786
Movie,From Paris to Rome,2016,6,tt4830606
Movie,The Rendezvous,2016,11,tt4827878
Movie,The Woman in the Red Dress,2016,4,tt4828374
Movie,Sultan,2016,7,tt4832640
Movie,The Loner,2016,4,tt4831810
Movie,The Agents,2016,10,tt4835458
Movie,Enemy Within,2016,9,tt4837396
Movie,The Fight Within,2016,8,tt4838334
Movie,Nunca Vas a Estar Solo,2016,9,tt4846220
Movie,Better Criminal,2016,10,tt4845940
Movie,Batman: The Killing Joke,2016,7,tt4853102
Movie,Not That Guy,2016,9,tt4846452
Movie,Mr. Lee,2016,9,tt4847580
Movie,Protiruddho,2016,3,tt4850080
Movie,Do Lafzon Ki Kahani,2016,6,tt4857886
Movie,Slammed!,2016,9,tt4859034
Movie,Baaghi,2016,4,tt4864932
Movie,Countdown,2016,4,tt4872162
Movie,Dead Maker,2016,,tt4878400
Movie,Virtual Dogs and Loaded Guns,2016,4,tt4887920
Movie,Killing Veerappan,2016,1,tt4897890
Movie,Dead Rush,2016,3,tt4899510
Movie,Future Stakes,2016,5,tt4902402
Movie,The Load,2016,10,tt4906226
Movie,Error Fatal,2016,12,tt4910698
Movie,Guns and Grams,2016,4,tt4907766
Movie,Bitcoin Heist,2016,2,tt4911780
Movie,Mil-jeong,2016,9,tt4914580
Movie,Karate Kill,2016,7,tt4916744
Movie,Bus Line Blues,2016,3,tt4930488
Movie,Vicious Thunder,2016,12,tt4935926
Movie,Rogue Warrior: Robot Fighter,2016,9,tt4937114
Movie,Operation Chromite,2016,7,tt4939066
Movie,Mirzya,2016,10,tt4940456
Movie,Bank,2016,,tt4940452
Movie,Saheb Bibi Golaam,2016,,tt4943558
Movie,The Worthy,2016,2,tt4943218
Movie,Killing Salazar,2016,7,tt4949290
Movie,Shifting Gears,2016,4,tt4952518
Movie,G plus B,2016,,tt4949106
Movie,Daru,2016,,tt4949108
Movie,Børning 2,2016,10,tt4956984
Movie,Meitantei Conan: Junkoku no naitomea,2016,4,tt4954660
Movie,From a House on Willow Street,2016,3,tt4961380
Movie,One Simple Idea,2016,12,tt4961842
Movie,Time Toupee,2016,,tt4967638
Movie,Chao ji bao biao,2016,4,tt4970038
Movie,Streets of East L.A.,2016,3,tt4975904
Movie,Playing with Dolls: Bloodlust,2016,,tt4980812
Movie,Clank: Legacy,2016,9,tt4982390
Movie,24,2016,5,tt4981966
Movie,Saahasam Swaasaga Saagipo,2016,11,tt4980272
Movie,Lone Wolves,2016,12,tt4982252
Movie,À fond,2016,12,tt4993964
Movie,Proud Souls,2016,5,tt5011520
Movie,Executives Minds,2016,10,tt5012198
Movie,Tiger,2016,9,tt5017192
Movie,Kill Ratio,2016,2,tt5020372
Movie,Hollywood Warrioress: The Movie,2016,5,tt5020866
Movie,Truy Sát,2016,4,tt5021712
Movie,Reza a Lenda,2016,1,tt5026038
Movie,Needhi Singh,2016,7,tt5026484
Movie,Brice 3,2016,10,tt5029602
Movie,Car 24,2016,No consta,tt5028688
Movie,The Assignment,2016,3,tt5034474
Movie,Ikaro,2016,,tt5032198
Movie,Ignacio de Loyola,2016,7,tt5040624
Movie,The Pro,2016,No consta,tt5042776
Movie,Beyond Valkyrie: Dawn of the 4th Reich,2016,8,tt5050200
Movie,Na granicy,2016,2,tt5051356
Movie,Teraa Surroor,2016,3,tt5056470
Movie,Comic 8: Casino Kings Part 2,2016,3,tt5065314
Movie,224,2016,11,tt5063126
Movie,Chô kôsoku! Sankin kôtai ritânzu,2016,9,tt5068090
Movie,The Killer Robots! Crash and Burn,2016,7,tt5069090
Movie,Kabali,2016,7,tt5071886
Movie,Dangal,2016,12,tt5074352
Movie,Deuces,2016,4,tt5081606
Movie,Kizumonogatari II: Nekketsu-hen,2016,8,tt5084196
Movie,Heroes Don't Come Home,2016,6,tt5086198
Movie,Op-pa saeng-gak,2016,1,tt5093754
Movie,Nannaku Prematho,2016,1,tt5098128
Movie,Isle of the Dead,2016,8,tt5108168
Movie,Solus,2016,10,tt5105762
Movie,Hon zin 2,2016,7,tt5112622
Movie,Five Grand,2016,1,tt5116314
Movie,Killer Punjabi,2016,4,tt5117152
Movie,It's Not a Race: The Scooter Cannonball Run,2016,1,tt5120158
Movie,Dark Side of an Assassin,2016,11,tt5122976
Movie,Die Wilden Kerle 6 - Die Legende lebt,2016,2,tt5126792
Movie,Revenge Strategy,2016,12,tt5128282
Movie,Dian wu bu,2016,8,tt5128712
Movie,Alfa Maschi,2016,11,tt5131924
Movie,Run,2016,3,tt5134236
Movie,5 Greedy Bankers,2016,1,tt5136034
Movie,Thala My Love,2016,1,tt5139992
Movie,Junction 48,2016,5,tt5140182
Movie,Rabidity,2016,2,tt5141848
Movie,Brooklyn Tide,2016,6,tt5142898
Movie,Deceitful,2016,2,tt5143368
Movie,Chimamire sukeban chênsô,2016,2,tt5145840
Movie,Headshot,2016,12,tt5147214
Movie,Female Fight Club,2016,11,tt5153860
Movie,Catalyst,2016,2,tt5153510
Movie,Viking,2016,12,tt5157456
Movie,Force 2,2016,3,tt5156746
Movie,Emperor of the Free World,2016,12,tt5156480
Movie,Bling,2016,8,tt5161658
Movie,Resilient,2016,,tt5168950
Movie,Silence Is Golden,2016,10,tt5170390
Movie,Heroes Manufactured,2016,10,tt5170670
Movie,Power Rangers: Zenith,2016,10,tt5171598
Movie,The Unexpected,2016,2,tt5174688
Movie,Terror,2016,2,tt5175168
Movie,Duty,2016,12,tt5174940
Movie,Hîrô mania: Seikatsu,2016,5,tt5180794
Movie,Super Express,2016,12,tt5187816
Movie,Corruption II,2016,,tt5191164
Movie,First Round Down,2016,10,tt5193408
Movie,Sheborg Massacre,2016,5,tt5196516
Movie,Streets of Vengeance,2016,10,tt5195832
Movie,OF THE SEA: a film about California Fishermen,2016,,tt5195806
Movie,Baar Baar Dekho,2016,9,tt5197544
Movie,Az utolsó nagymester 2,2016,3,tt5197778
Movie,Volt,2016,2,tt5201142
Movie,Geroy,2016,3,tt5202654
Movie,25 Robins,2016,,tt5204106
Movie,Dvadtsat vosem panfilovtsev,2016,11,tt5207204
Movie,The Sultan and the Kings,2016,1,tt5206330
Movie,Space People,2016,2,tt5212726
Movie,Ko 2,2016,2,tt5215260
Movie,Digimon Adventure tri. 2: Ketsui,2016,3,tt5216534
Movie,Trigger,2016,8,tt5218486
Movie,Toen mijn vader een struik werd,2016,3,tt5224746
Movie,Que Pena Tu Vida,2016,12,tt5226378
Movie,The Fourth Phase,2016,10,tt5226436
Movie,The Killer in the House,2016,5,tt5225874
Movie,Second Blood,2016,1,tt5229964
Movie,La mécanique de l'ombre,2016,1,tt5231916
Movie,Shuriken Sentai Ninninja tai Ressha Sentai Tokkyûjâ Za Mûbî Ninja In Wandârando,2016,1,tt5233142
Movie,Higanjima: Derakkusu,2016,10,tt5238370
Movie,A Flying Jatt,2016,8,tt5235880
Movie,Drone Wars,2016,3,tt5239972
Movie,Style,2016,1,tt5239564
Movie,Shang jin lie ren,2016,,tt5243900
Movie,The Secret Garden,2016,5,tt5246192
Movie,Darkweb,2016,3,tt5247042
Movie,One Piece Film: Gold,2016,7,tt5251328
Movie,The Thinning,2016,10,tt5254868
Movie,Traded,2016,6,tt5255524
Movie,3 Knee Deep,2016,1,tt5260652
Movie,Deadly Game IV: Endgame,2016,7,tt5255260
Movie,Gekijôban Urutoraman X: Kita zo! Warera no Urutoraman,2016,3,tt5264060
Movie,Tunnel Vision,2016,2,tt5271144
Movie,Maalik,2016,4,tt5271442
Movie,The Free Man,2016,,tt5271264
Movie,San shao ye de jian,2016,12,tt5269396
Movie,Lords of Destiny,2016,4,tt5265390
Movie,Duelyant,2016,9,tt5282006
Movie,Operation Repo: Lou's Revenge,2016,,tt5292942
Movie,Justice League 2: The Shattered Paragon,2016,6,tt5290894
Movie,MUDA When Time Is All That Matters,2016,10,tt5292988
Movie,Catfight,2016,3,tt5294198
Movie,Pulimurugan,2016,10,tt5297256
Movie,Altin Kafes: The Golden Cage,2016,,tt5297516
Movie,Broken,2016,7,tt5301840
Movie,Conflict: Saidai no kôsô,2016,5,tt5299464
Movie,Aaradhu Sinam,2016,2,tt5304614
Movie,Il primo furto non si scorda mai,2016,2,tt5305684
Movie,David Robson,2016,,tt5307542
Movie,Boost,2016,5,tt5308240
Movie,Kamen Raidâ Ichigô,2016,3,tt5307266
Movie,Dos policías en apuros,2016,2,tt5306676
Movie,Bigfoot Vs. Zombies,2016,2,tt5307698
Movie,Dictator,2016,1,tt5304086
Movie,Tharkappu,2016,1,tt5306734
Movie,Saala Khadoos,2016,1,tt5310090
Movie,No sabés con quién estás hablando,2016,11,tt5311102
Movie,Ledokol,2016,10,tt5317914
Movie,Action Hero Biju,2016,2,tt5320514
Movie,Mogura no uta: Hong Kong kyôsô-kyoku,2016,12,tt5328802
Movie,Darvinte Parinamam,2016,3,tt5328262
Movie,Mythica: The Godslayer,2016,11,tt5327922
Movie,Le Solitaire: Ali,2016,2,tt5331358
Movie,Gethu,2016,1,tt5332522
Movie,Kali,2016,3,tt5335128
Movie,Short Fuse,2016,4,tt5336902
Movie,Zion,2016,,tt5336076
Movie,#Selfieparty,2016,3,tt5335198
Movie,Nun Smack,2016,9,tt5334856
Movie,Kathakali,2016,1,tt5335394
Movie,Tharai Thappattai,2016,1,tt5340516
Movie,Ninkyô Yarô,2016,6,tt5341136
Movie,Express Raja,2016,1,tt5340534
Movie,Zoombies,2016,10,tt5340882
Movie,Festina lente: Make Haste Slowly,2016,No consta,tt5346118
Movie,Sniper Special Ops,2016,5,tt5344794
Movie,Chakravyuha,2016,4,tt5349428
Movie,Protocol 734,2016,10,tt5347126
Movie,Sundog,2016,1,tt5349988
Movie,Baron,2016,1,tt5348534
Movie,Bachaana,2016,2,tt5350584
Movie,Desolate,2016,,tt5352316
Movie,Two+Two,2016,,tt5352914
Movie,Prisoners of Time,2016,1,tt5357338
Movie,En Ground and Pound,2016,,tt5355796
Movie,Realms the Shadow Man,2016,1,tt5364690
Movie,Fuerzas de Honor,2016,1,tt5365648
Movie,Valliyum Thetti Pulliyum Thetti,2016,5,tt5370488
Movie,Iru Mugan,2016,9,tt5372466
Movie,Blood Painting,2016,4,tt5372134
Movie,MotherMafia,2016,12,tt5375078
Movie,Ja-ba-ya san-da,2016,1,tt5374830
Movie,Samraat,2016,7,tt5377580
Movie,Macchi shoujo,2016,5,tt5378290
Movie,Pitbull. Nowe porzadki,2016,1,tt5377604
Movie,Realms Hunt for the Shadow Man,2016,1,tt5419896
Movie,Pachakallam,2016,1,tt5420222
Movie,Tou tian te wu,2016,9,tt5425144
Movie,Oozham,2016,9,tt5436158
Movie,Saagasam,2016,2,tt5438276
Movie,Theri,2016,4,tt5440700
Movie,Trial,2016,6,tt5442558
Movie,Geom-sa-oe-jeon,2016,2,tt5442308
Movie,Fleur d'Alep,2016,11,tt5448246
Movie,Musudan,2016,3,tt5447140
Movie,Ám Anh,2016,2,tt5446460
Movie,The Secret Garden,2016,No consta,tt5448770
Movie,La Frontera,2016,,tt5447744
Movie,Mythica: The Iron Crown,2016,5,tt5456798
Movie,Kammatti Paadam,2016,5,tt5458088
Movie,Brahmotsavam,2016,5,tt5457722
Movie,Sarrainodu,2016,4,tt5457772
Movie,Krishna Gaadi Veera Prema Gaadha,2016,2,tt5457840
Movie,Sanada Jûyûshi,2016,9,tt5456436
Movie,Miruthan,2016,2,tt5455344
Movie,Indie Guys,2016,,tt5460418
Movie,The Night Shift: Book 2,2016,4,tt5459412
Movie,Lantouri,2016,8,tt5463510
Movie,Jil Jung Juk,2016,2,tt5459644
Movie,Bodyguard,2016,3,tt5460508
Movie,Persona 3 the Movie: #4 Winter of Rebirth,2016,1,tt5463052
Movie,Akira,2016,9,tt5465370
Movie,Shingekijouban Inisharu D: Legend 3 - Mugen,2016,2,tt5463088
Movie,Istadeh Dar Ghobar,2016,6,tt5463172
Movie,BoBoiBoy: The Movie,2016,4,tt5466576
Movie,Emkane Mina,2016,8,tt5468178
Movie,King of Newark,2016,No consta,tt5463114
Movie,Contract to Kill,2016,12,tt5470222
Movie,Pippa,2016,12,tt5470178
Movie,Digimon Adventure tri. 3: Kokuhaku,2016,9,tt5468014
Movie,Psicopata,2016,2,tt5473054
Movie,Tupang ligaw,2016,2,tt5473344
Movie,Vil Ambu,2016,2,tt5476166
Movie,As Aventuras do Pequeno Colombo,2016,7,tt5480816
Movie,Feng shen chuan qi,2016,10,tt5481184
Movie,Dead Rising: Endgame,2016,6,tt5481404
Movie,Sinister Squad,2016,7,tt5481984
Movie,Nochnye strazhi,2016,8,tt5487524
Movie,Grievance Group: A Life for a Life,2016,6,tt5485410
Movie,The Set Up,2016,11,tt5489010
Movie,Meridian,2016,2,tt5488222
Movie,"Danger, Dames & Dangerous Games",2016,No consta,tt5490848
Movie,Sethupathi,2016,2,tt5491920
Movie,Thirunaal,2016,8,tt5495270
Movie,Shado kiddzu,2016,2,tt5495582
Movie,Wanon Koo Fud,2016,2,tt5499864
Movie,Kanithan,2016,2,tt5500416
Movie,Sethu Boomi,2016,2,tt5500930
Movie,Nayyapudai,2016,2,tt5500400
Movie,Surfers and Cowboys,2016,6,tt5507958
Movie,Born Into Mafia 2,2016,2,tt5509728
Movie,Life Heist,2016,5,tt5513174
Movie,Jackpot the Movie,2016,12,tt5515434
Movie,Khaltat Umri,2016,3,tt5517348
Movie,The Hand and Feet of Spin Tops,2016,1,tt5515264
Movie,Vê Si Sài Gòn,2016,12,tt5514372
Movie,Non nuotate in quel fiume,2016,3,tt5517308
Movie,Batman: Anarchy,2016,8,tt5516944
Movie,Bravo Virtuoso,2016,3,tt5515670
Movie,The Origins of Infamy: Doctor Discord,2016,,tt5518720
Movie,Zephyr,2016,1,tt5515086
Movie,Panic Room,2016,3,tt5521836
Movie,Cutie Honey: Tears,2016,10,tt5520970
Movie,Pichaikkaran,2016,3,tt5523174
Movie,Tyson,2016,3,tt5523590
Movie,Stand Up,2016,No consta,tt5529760
Movie,My Entire High School Sinking Into the Sea,2016,4,tt5538568
Movie,Black Mission,2016,No consta,tt5541086
Movie,Küçük Esnaf,2016,4,tt5535942
Movie,Tuntari,2016,3,tt5539498
Movie,3 Bahadur: The Revenge of Baba Balaam,2016,12,tt5539376
Movie,Feuilles mortes,2016,7,tt5542350
Movie,Guru,2016,1,tt5541492
Movie,Game,2016,2,tt5543690
Movie,Menandros & Thaïs,2016,4,tt5545098
Movie,Riding Big: The Movie,2016,5,tt5545028
Movie,The Tragedy of Kim,2016,4,tt5546334
Movie,3 Bullets,2016,,tt5547188
Movie,Urgeeleg 2,2016,3,tt5547880
Movie,Algojo: Perang Santet,2016,9,tt5547924
Movie,Psikhi,2016,6,tt5544806
Movie,Kolamass,2016,3,tt5545470
Movie,Oppam,2016,9,tt5548032
Movie,United Zone,2016,6,tt5552008
Movie,Dust,2016,5,tt5550228
Movie,Double Rumble,2016,7,tt5550226
Movie,Sálvame,2016,3,tt5554406
Movie,Viking Legacy,2016,9,tt5555554
Movie,Pugazh,2016,3,tt5556110
Movie,The Epic Mile,2016,No consta,tt5555598
Movie,Broken Trust,2016,5,tt5560748
Movie,Kodi,2016,10,tt5556784
Movie,Ambarsariya,2016,3,tt5565818
Movie,Krishnashtami,2016,2,tt5572890
Movie,Yea Toh Two Much Ho Gayaa,2016,9,tt5573110
Movie,1-800-Jackets,2016,5,tt5574408
Movie,It Aint Pretty,2016,No consta,tt5575316
Movie,Dukot,2016,7,tt5575976
Movie,Infiltration,2016,4,tt5580912
Movie,Hunter and the Hunted,2016,4,tt5578250
Movie,Throne of Atlantis Abridged,2016,3,tt5584898
Movie,In the Name of Ben Hur,2016,8,tt5582876
Movie,Daikaijû mono,2016,7,tt5582306
Movie,Huramentado,2016,No consta,tt5581614
Movie,Run,2016,3,tt5584506
Movie,Nuts,2016,12,tt5593008
Movie,La Leyenda del Chupacabras,2016,10,tt5591458
Movie,The Guardian,2016,1,tt5594956
Movie,Blind Love,2016,8,tt5589828
Movie,Turbulence,2016,12,tt5592256
Movie,Kingsglaive: Final Fantasy XV,2016,7,tt5595168
Movie,Hidden Corners: Niagara,2016,No consta,tt5596576
Movie,Three point 2,2016,1,tt5597154
Movie,Attack,2016,4,tt5597792
Movie,Ates,2016,4,tt5599916
Movie,Ozark Sharks,2016,7,tt5606742
Movie,Mr Anonymous,2016,10,tt5604512
Movie,IDI: Inspector Dawood Ibrahim,2016,8,tt5606132
Movie,Lakshmana,2016,6,tt5612380
Movie,Bir Baba Hindu,2016,9,tt5608972
Movie,El Paletero,2016,9,tt5611112
Movie,Ying ging hing dai,2016,4,tt5617254
Movie,Maa al-Khatar,2016,4,tt5615156
Movie,Yamikin doggusu 3,2016,5,tt5614996
Movie,Yamikin doggusu 2,2016,4,tt5614994
Movie,Saia Para Voar,2016,3,tt5615396
Movie,The End,2016,12,tt5616684
Movie,Jing xin po,2016,10,tt5618870
Movie,Friction: The Story of Lee Walker,2016,5,tt5622920
Movie,Shippû rondo,2016,11,tt5633600
Movie,Veerappan,2016,5,tt5632164
Movie,Pit Stop Mafia,2016,5,tt5633726
Movie,Sharkenstein,2016,8,tt5636234
Movie,Super Detention,2016,,tt5639536
Movie,Ballia Ke Dabangai,2016,12,tt5642834
Movie,Shikhamani,2016,4,tt5642888
Movie,ARQ,2016,9,tt5640450
Movie,Kasaba,2016,,tt5642720
Movie,Protection Game,2016,5,tt5643940
Movie,Musafir,2016,4,tt5643942
Movie,Tamjung Hong Gil-dong: Sarajin Ma-eul,2016,5,tt5644726
Movie,Doddmane Hudga,2016,9,tt5652740
Movie,Ekipazh,2016,4,tt5653294
Movie,Level Up,2016,4,tt5652382
Movie,Expressway,2016,4,tt5651372
Movie,Tokugawa Treasure to be Given or Not to Be Given,2016,No consta,tt5656138
Movie,High & Low: The Movie,2016,7,tt5659172
Movie,Arvand,2016,9,tt5659250
Movie,Road to High & Low,2016,5,tt5659164
Movie,Vangaveeti,2016,12,tt5663682
Movie,Nightfall,2016,10,tt5662604
Movie,ZG80,2016,9,tt5663990
Movie,Rabbits and Wolves,2016,No consta,tt5663330
Movie,Merrick: I'll Spew on Your Grave,2016,4,tt5665600
Movie,The River Thief,2016,10,tt5664502
Movie,Dadas,2016,5,tt5671264
Movie,Raja Cheyyi Vesthe,2016,4,tt5673766
Movie,Re:Born,2016,8,tt5678110
Movie,Immigrant US Soldier,2016,12,tt5684400
Movie,Ranathanthra,2016,3,tt5684560
Movie,Laura Garza La maestra de la Escuela,2016,4,tt5685710
Movie,Don't Ever Tell 2,2016,12,tt5689560
Movie,Star Man 2,2016,1,tt5688842
Movie,Traditional Wing Chun,2016,8,tt5687104
Movie,Triangle the Dark Side,2016,8,tt5693776
Movie,Subconscious Reality,2016,7,tt5697452
Movie,Busanhaeng,2016,3,tt5700672
Movie,Supreme,2016,5,tt5701082
Movie,Asian Ghost Story,2016,10,tt5703622
Movie,Supergirl VI: The Quest for Peace,2016,4,tt5711444
Movie,Interstelar 2: Operation Terra 2040,2016,5,tt5709892
Movie,Debaltseve,2016,2,tt5715530
Movie,Rudro,2016,5,tt5716440
Movie,Sawal 700 Crore Dollar Ka,2016,7,tt5720136
Movie,La apus,2016,4,tt5722540
Movie,The Hit,2016,12,tt5724250
Movie,Jagoan Instan,2016,2,tt5725036
Movie,Spider-Man: Vengeance,2016,5,tt5727514
Movie,Tian ma,2016,No consta,tt5728866
Movie,The Professionals,2016,12,tt5732630
Movie,Raid dingue,2016,2,tt5736696
Movie,Ma-seu-teo,2016,12,tt5735464
Movie,Kampung Drift,2016,8,tt5737042
Movie,Day of Reckoning,2016,10,tt5742568
Movie,Marudhu,2016,5,tt5756242
Movie,Banjo,2016,9,tt5755606
Movie,Cat Days,2016,6,tt5758656
Movie,Mr.Veerappan,2016,No consta,tt5760656
Movie,Fredrick,2016,5,tt5760490
Movie,Vegetable,2016,7,tt5761996
Movie,Origins IV: Revelations,2016,No consta,tt5768766
Movie,Mat Moto: Kami Mat Moto Bukan Mat Rempit,2016,1,tt5767212
Movie,Ataúd Blanco: El Juego Diabólico,2016,12,tt5767182
Movie,The Road Frontier,2016,6,tt5767678
Movie,Dulhan Chahi Pakistan Se,2016,8,tt5764836
Movie,Tokyo Internet Love,2016,8,tt5769420
Movie,Emanet,2016,8,tt5777808
Movie,Prey Before You Eat,2016,5,tt5773306
Movie,The Victims,2016,9,tt5780306
Movie,Loki 7,2016,8,tt5776736
Movie,Dancer,2016,12,tt5787344
Movie,Journey to the West,2016,3,tt5786990
Movie,Kasam Ishq Ke,2016,5,tt5787730
Movie,Godoon,2016,7,tt5790912
Movie,Hills and Hollers,2016,5,tt5793928
Movie,Okka Ammayi Thappa,2016,6,tt5795324
Movie,Una buena vida,2016,6,tt5806688
Movie,A Clean Exit,2016,9,tt5806876
Movie,"Prey, in Cold Blood",2016,7,tt5806798
Movie,Badsha the Don,2016,7,tt5809170
Movie,Gekijôban Kamen Raidâ Gôsuto: Hyaku no Eyecon to Gôsuto unmei no toki,2016,8,tt5811926
Movie,Dirty Cash,2016,No consta,tt5813860
Movie,Dag II,2016,12,tt5813916
Movie,Pythagorean Theorem,2016,No consta,tt5814082
Movie,Enakku Innoru Per Irukku,2016,6,tt5814958
Movie,Starcliff,2016,9,tt5820540
Movie,Metro,2016,6,tt5833302
Movie,Rana Pagla: The Mental,2016,7,tt5830066
Movie,Dum,2016,8,tt5833824
Movie,Shikari,2016,7,tt5830022
Movie,One Shot,2016,No consta,tt5831442
Movie,Yacuna amor a la vida,2016,No consta,tt5828754
Movie,Spring Break Zombie Massacre,2016,7,tt5831924
Movie,Nu Dai Gia,2016,5,tt5837420
Movie,Sangre De Traficante,2016,6,tt5836766
Movie,Fragmented Skin,2016,6,tt5834106
Movie,Ngai sing,2016,8,tt5842624
Movie,The Stakelander,2016,2,tt5843670
Movie,La Dama Del Camaro,2016,6,tt5847122
Movie,Gahim Fel Hend,2016,7,tt5851450
Movie,Tiger,2016,5,tt5856064
Movie,Crooked Badge,2016,No consta,tt5858966
Movie,The Tale of a Pusher,2016,2,tt5864130
Movie,Cascading Darkness,2016,12,tt5858796
Movie,Night Shadow,2016,No consta,tt5868900
Movie,Our Local Epic,2016,No consta,tt5866084
Movie,Raw Trip,2016,7,tt5870952
Movie,Pop Art Noir,2016,6,tt5869436
Movie,Xi Jia,2016,No consta,tt5869654
Movie,Run Antony,2016,7,tt5872120
Movie,Kidou senshi Gandamu: The Origin III - Akatsuki no houki,2016,5,tt5871184
Movie,Eru shuriken vs akima no shoumei,2016,4,tt5869872
Movie,Kuai shou qiang shou kuai qiang shou,2016,7,tt5882704
Movie,Odd Squad: The Movie,2016,7,tt5889372
Movie,Sex Under a Blood Moon,2016,7,tt5892084
Movie,Slugterra: Into the Shadows,2016,11,tt5894410
Movie,Agastya,2016,6,tt5889478
Movie,Pokemon za mubi XY& Z 'borukenion to kiko (karakuri) no magiana,2016,11,tt5889204
Movie,Shi tu xing zhe,2016,8,tt5896962
Movie,El Precio del Poder,2016,5,tt5896478
Movie,Cyborg 009: Call of Justice I,2016,11,tt5894272
Movie,Cyborg 009: Call of Justice II,2016,12,tt5894274
Movie,Cyborg 009: Call of Justice III,2016,12,tt5894276
Movie,Bossgiri,2016,9,tt5908314
Movie,Jhiata Bigidigala,2016,7,tt5905080
Movie,Molot,2016,11,tt5909128
Movie,Teo-neol,2016,8,tt5910280
Movie,QueenPin II the Restoration,2016,7,tt5911652
Movie,Kakampi,2016,7,tt5914856
Movie,Asura,2016,9,tt5918028
Movie,Code Geass: Boukoku no Akito Final - Itoshiki Monotachi e,2016,2,tt5920384
Movie,The Divine Comedy: Dante's Hell,2016,7,tt5918912
Movie,"Si vis pacem, para bellum",2016,5,tt5922940
Movie,High & Low: The Red Rain,2016,10,tt5923040
Movie,Gantz: O,2016,2,tt5923962
Movie,Rokto,2016,9,tt5928556
Movie,Anthology of Horror 3,2016,7,tt5927488
Movie,Dance Kahani,2016,8,tt5934420
Movie,Atomic Shark,2016,7,tt5930094
Movie,Border Cartel,2016,No consta,tt5932626
Movie,Black Code,2016,3,tt5937964
Movie,Pagdi,2016,9,tt5943878
Movie,Janatha Garage,2016,9,tt5946852
Movie,Deokhyeongju,2016,8,tt5947416
Movie,Last Days,2016,No consta,tt5948184
Movie,The Book of Secrets,2016,No consta,tt5948846
Movie,Dharam Yudh Morcha,2016,9,tt5951704
Movie,Hatton Garden: The Heist,2016,10,tt5953854
Movie,Babu Bangaram,2016,8,tt5953594
Movie,Tamilselvanum Thaniyar Anjalum,2016,8,tt5958298
Movie,Wagah,2016,8,tt5958304
Movie,Thodari,2016,9,tt5959700
Movie,3.0 Safaar,2016,7,tt5960346
Movie,Batman: Return of the Caped Crusaders,2016,10,tt5973626
Movie,Pendechos!,2016,10,tt5978000
Movie,Kaashmora,2016,1,tt5980232
Movie,Kanha,2016,8,tt5985026
Movie,Angaar,2016,1,tt5988222
Movie,Madamakki,2016,8,tt5988462
Movie,Crazy Boy,2016,8,tt5988500
Movie,Black Luck,2016,3,tt5989056
Movie,Red Sonja: Queen of Plagues,2016,8,tt5989606
Movie,Gang Tay Do,2016,9,tt5995012
Movie,Garam,2016,2,tt5998016
Movie,Lat Mat 2: Phim Truong,2016,4,tt5994790
Movie,'S' fung bou,2016,9,tt5998744
Movie,Wild Cards,2016,8,tt6003476
Movie,Thikka,2016,8,tt6001942
Movie,America's Most Retarded,2016,No consta,tt6006594
Movie,Ded Moroz. Bitva Magov,2016,12,tt6011884
Movie,Red Ninja the Sister Hood,2016,10,tt6017752
Movie,The Darkest Dawn,2016,4,tt6017594
Movie,Jaguar,2016,10,tt6024364
Movie,From Freetown TL,2016,,tt6029022
Movie,Dhruva,2016,12,tt6027478
Movie,Tam Cam: Chuyen Chua Ke,2016,8,tt6027782
Movie,Bully's Bane,2016,8,tt6024954
Movie,John Caster,2016,9,tt6031826
Movie,Sipaayi,2016,9,tt6034076
Movie,Happy Birthday,2016,8,tt6035292
Movie,MSG the Warrior: Lion Heart,2016,10,tt6040012
Movie,Hell or High Waters,2016,9,tt6043054
Movie,Shikkast,2016,1,tt6041648
Movie,Lonely in the Shadows,2016,11,tt6043834
Movie,Mei Gong he xing dong,2016,9,tt6044910
Movie,Bad Black,2016,4,tt6044414
Movie,Dongri Ka Raja,2016,11,tt6046994
Movie,Samurai Rauni Reposaarelainen,2016,10,tt6043942
Movie,"Rocks, Paper, Scissors",2016,3,tt6045458
Movie,Ji Fei Gou Tiao,2016,1,tt6050658
Movie,Kidaari,2016,9,tt6056530
Movie,Lordemani,2016,No consta,tt6055668
Movie,Vinash,2016,9,tt6057830
Movie,Chuttalabbayi,2016,8,tt6070344
Movie,Five Nights at Freddy's: The Fan Film,2016,6,tt6069880
Movie,Krapiva,2016,10,tt6067750
Movie,Las Viudas del Capo,2016,8,tt6071440
Movie,Johann Karlo's Gun Driver,2016,9,tt6074478
Movie,Carbon Copy,2016,11,tt6077244
Movie,The Blackhawk Dilemma,2016,12,tt6080504
Movie,Borderland,2016,9,tt6082974
Movie,Max w Antar,2016,9,tt6088484
Movie,Saruhan,2016,6,tt6099760
Movie,Temuan Takdir,2016,8,tt6096780
Movie,The Return,2016,4,tt6100724
Movie,Talking kungfu battle,2016,8,tt6099406
Movie,Hawas,2016,No consta,tt6101038
Movie,We Are Dirt,2016,No consta,tt6102154
Movie,Muqaddar: You Will Never Outrun Destiny,2016,11,tt6105380
Movie,We Decide What Is Real,2016,No consta,tt6109924
Movie,Shooter,2016,9,tt6117124
Movie,Uploaded,2016,7,tt6118724
Movie,Chinna Dada,2016,9,tt6120482
Movie,Rekka,2016,10,tt6126312
Movie,Veera Sivaji,2016,10,tt6127254
Movie,MBM,2016,12,tt6128840
Movie,Hyper,2016,9,tt6128292
Movie,Mrs K,2016,9,tt6132490
Movie,Ism,2016,10,tt6130166
Movie,AssAssINS,2016,No consta,tt6133532
Movie,Wônâ no nazo no risuto,2016,10,tt6134548
Movie,Hâbesuto!,2016,10,tt6134546
Movie,Eru shuriken vs Shinkonchuu desukîto,2016,10,tt6134540
Movie,Orishas: The Hidden Pantheon,2016,8,tt6136260
Movie,Gekijouban Shin Minami no teiou,2016,1,tt6134542
Movie,Prey Before You Eat 2,2016,10,tt6140824
Movie,The Temple II: Birth into Darkness,2016,10,tt6140562
Movie,Suepeullit,2016,11,tt6147768
Movie,Fanko,2016,1,tt6149934
Movie,Long quan xiao zi,2016,8,tt6150988
Movie,Red Star: The Identity Club,2016,3,tt6150718
Movie,The Misty Green Sky,2016,10,tt6156136
Movie,Run Paddle Chug,2016,9,tt6158866
Movie,Chung tin foh,2016,11,tt6157600
Movie,Power,2016,4,tt6163150
Movie,Power,2016,7,tt6164378
Movie,Slingshot Cops,2016,11,tt6170682
Movie,Beyond Driven,2016,,tt6173348
Movie,Doo namja,2016,11,tt6173644
Movie,Leokki,2016,10,tt6175078
Movie,Qavor,2016,10,tt6176008
Movie,Shades of Winter: Between,2016,10,tt6176138
Movie,Tora Dine Ku Mora Dine,2016,10,tt6177952
Movie,Konkursant. Smertonosnoe shou,2016,11,tt6192840
Movie,Revolutions,2016,7,tt6188060
Movie,Yamikin doggusu 4,2016,12,tt6191150
Movie,Hajwala,2016,9,tt6200274
Movie,Santhu Straight Forward,2016,10,tt6203612
Movie,Mstitel chelovechestva,2016,10,tt6207700
Movie,De Buurtpolitie: De Grote Geldroof,2016,10,tt6214416
Movie,Let's Be Frank,2016,8,tt6210456
Movie,The Most Dangerous Game,2016,6,tt6209344
Movie,Pitbull. Niebezpieczne kobiety,2016,11,tt6212346
Movie,Cop Mortem,2016,11,tt6213368
Movie,Sinbad and the War of the Furies,2016,12,tt6231588
Movie,A1C: Agents 1st Class,2016,11,tt6231696
Movie,Straight Stuntin Chronicles: Volume 3 - The Man in the Mirror,2016,5,tt6247408
Movie,Straight Stuntin Chronicles: Volume 4 - Sometimes the Queen Is King,2016,10,tt6247634
Movie,Preto The Movie,2016,6,tt6247684
Movie,Salute,2016,12,tt6250906
Movie,Jatra,2016,11,tt6249904
Movie,Future,2016,8,tt6255554
Movie,Distance Between Dreams,2016,11,tt6255746
Movie,Blanco o Negro,2016,10,tt6257486
Movie,Faceless,2016,12,tt6255606
Movie,Draco Ortus,2016,8,tt6258158
Movie,The Crooked Mind,2016,No consta,tt6257782
Movie,Kallattam,2016,9,tt6264430
Movie,Ilamai Oonjal,2016,9,tt6262768
Movie,Uchathula Shiva,2016,9,tt6264506
Movie,The Plague,2016,11,tt6269996
Movie,The Dark Knight Returns: An Epic Fan Film,2016,11,tt6274696
Movie,Shura no otoko to ienashi shoujo,2016,10,tt6274784
Movie,Sivapuram,2016,11,tt6277814
Movie,Haou: Kyouketsu no keifu I,2016,7,tt6278058
Movie,Haou: Kyouketsu no keifu II,2016,7,tt6278060
Movie,Tsuwamono: Dainishou,2016,12,tt6278064
Movie,Kingsglaive: Final Fantasy XV - Battle Scene,2016,8,tt6280994
Movie,Saithan,2016,12,tt6286666
Movie,Mobile Suit Gundam the Origin IV,2016,11,tt6296148
Movie,Campus Diary,2016,12,tt6301256
Movie,Pan-dola,2016,12,tt6302160
Movie,Kamen Raidâ Heisei Jenerêshonzu: Dokutâ Pakkuman tai Eguzeido ando Gôsuto wizu Rejendo Raidâ,2016,12,tt6306178
Movie,Wilaneh,2016,12,tt6312796
Movie,The Two Million Dollar Tip,2016,12,tt6311874
Movie,God Directed,2016,12,tt6321032
Movie,The Murder Game,2016,12,tt6326454
Movie,Jannertown,2016,No consta,tt6330138
Movie,Ai. ge ming,2016,6,tt6330414
Movie,Plan B: Scheiß auf Plan A,2016,6,tt6333284
Movie,Higanti,2016,3,tt6334074
Movie,A Roar of Wolf Troops,2016,8,tt6351934
Movie,Maaveeran Kittu,2016,12,tt6348566
Movie,The Last Fitness Instructor,2016,12,tt6361186
Movie,Dr. Dilara,2016,5,tt6361292
Movie,Bahniman,2016,12,tt6367610
Movie,Aliff Dalam 7 Dimensi,2016,9,tt6372460
Movie,Kaththi Sandai,2016,12,tt6385842
Movie,Silence of the Dusk,2016,9,tt6386322
Movie,Pazhaya Vannarapettai,2016,12,tt6389080
Movie,Lagrimas Inocentes,2016,3,tt6393736
Movie,Area:98,2016,No consta,tt6408710
Movie,Spider-Man: Balance Act,2016,5,tt6416304
Movie,Shao nian,2016,12,tt6419442
Movie,Escape Route,2016,11,tt6419364
Movie,The Yard,2016,12,tt6439010
Movie,Si si ji hua,2016,12,tt6447952
Movie,The Match,2016,9,tt6448212
Movie,Mini Force: The Beginning,2016,2,tt6446792
Movie,Ultimate Hero,2016,8,tt6448504
Movie,Brothers,2016,5,tt6447400
Movie,Bouget Faqarah,2016,9,tt6449768
Movie,Lat ging ba wong fa,2016,10,tt6449354
Movie,Bei jie chi de ai qing,2016,11,tt6448576
Movie,Daegyeol,2016,9,tt6448178
Movie,KanColle: The Movie,2016,11,tt6448970
Movie,Grand Father,2016,8,tt6450178
Movie,Assassination Classroom: 365 Days,2016,3,tt6475250
Movie,Takushî yarô: shôten gomen,2016,,tt6484562
Movie,Cowards,2016,No consta,tt6493126
Movie,The Last Assignment/Ib Ntsais Muang 2,2016,11,tt6522430
Movie,Terrorism,2016,8,tt6531120
Movie,The Humpback Whales of Cape Verde,2016,No consta,tt6532006
Movie,Speed Racer Movie,2016,1,tt6536676
Movie,Behind the Clouds: Salute to Peshmerga,2016,No consta,tt6537990
Movie,The Null Zone: Episode One: Janus,2016,9,tt6565356
Movie,Bir Bikram,2016,8,tt6568628
Movie,Chakranta,2016,No consta,tt6571552
Movie,Dhana Dhan,2016,4,tt6572434
Movie,Yu Baosi,2016,8,tt6580490
Movie,Divia,2016,10,tt6638530
Movie,Khel Toh Ab Shuru Hoga,2016,5,tt6656806
Movie,Súper Cóndor,2016,9,tt6658338
Movie,Icons of Horror 2,2016,5,tt6682520
Movie,Leo Stropic: The Evil Bully,2016,4,tt6721548
Movie,Ulath Ekai Pilath Ekai,2016,8,tt7621982
Movie,The Rainbow,2016,10,tt7701796
Movie,Checkmate,2016,No consta,tt9104654
Movie,Ginga Kikoutai Majestic Prince Movie: Kakusei no Idenshi,2016,11,tt6900184
Movie,Da Trap,2016,1,tt8957960
Movie,Bidyesh: The Envy,2016,No consta,tt7777106
Movie,The Power -Time Start's Now,2016,1,tt15830602
Movie,Blade of Enforcer,2016,3,tt7162356
Movie,Uzumasa Limelight,2016,6,tt9602908
Movie,Bangkit!,2016,7,tt9198814
Movie,The Fabricated Partner of Cody McGuire,2016,5,tt7904842
Movie,Tom Pachayo,2016,12,tt7858740
Movie,The Black Van,2016,,tt8736130
Movie,Estratejia De Escape,2016,11,tt8890524
Movie,Poka Messiah,2016,6,tt7704004
Movie,The Bed-Sitting Room,2016,,tt9795588
Movie,Balas y Diamantes,2016,1,tt8929782
Movie,Steady Ridin',2016,9,tt7308850
Movie,Vampire Detective,2016,8,tt9281172
Movie,Pudhusa Naan Poranthen,2016,9,tt8791920
Movie,Marathi Tigers,2016,2,tt9447444
Movie,Cronicas Del Ring - La Figura,2016,No consta,tt9243296
Movie,Balma Biharwala 2,2016,3,tt7547710
Movie,Bishwa Batpar,2016,5,tt9113862
Movie,The Embryo II,2016,8,tt8503074
Movie,7 TO 4,2016,4,tt7920008
Movie,The Elf,2016,2,tt7136736
Movie,Mage Detection Tutor,2016,8,tt8135580
Movie,Panthulu Gari Ammai,2016,3,tt7919994
Movie,Sathiya,2016,7,tt7746710
Movie,Fists of Fury,2016,,tt8488746
Movie,Easter Bunny Assassin,2016,7,tt9485438
Movie,The Haven... This is the Life: Reloaded,2016,No consta,tt8092608
Movie,Quantum Shock: Black Drop,2016,4,tt6977782
Movie,Mental Police,2016,9,tt9008676
Movie,Mao pai jian die,2016,11,tt7998010
Movie,The Survivor,2016,6,tt6863950
Movie,Rainbow Six: Plan B,2016,6,tt8386650
Movie,Arthanari,2016,7,tt16359400
Movie,Lost and Found: A New Beginning,2016,No consta,tt8612820
Movie,Trashman 2 Salva il Natale da una Nuova/Vecchia Minaccia,2016,11,tt6885618
Movie,Jai Parshuram,2016,8,tt8778914
Movie,Angry Grandpa V Psycho Dad: World At War,2016,7,tt8706776
Movie,Jade Fox Army,2016,1,tt8176334
Movie,Hiding Sword,2016,8,tt7846382
Movie,Ge dou jiao wa,2016,12,tt7626104
Movie,Red Bluff,2016,8,tt7509968
Movie,Mach,2016,,tt9764180
Movie,Ami Tomar Hote Chai,2016,12,tt7204312
Movie,Bhojpuriya Raja,2016,2,tt8853410
Movie,Remarkable Shades of Gay,2016,6,tt7674258
Movie,Running on Empty,2016,No consta,tt7106500
Movie,The Noob Movie IV: Second Coming of Corruptix,2016,2,tt8525414
Movie,Stronger,2016,10,tt7130472
Movie,Tycoons,2016,No consta,tt7120548
Movie,Spy in Love,2016,9,tt8344320
Movie,Maldito Alcohol,2016,1,tt8890506
Movie,Cuando te hablen de Amor,2016,4,tt6793980
Movie,"Gaw Masr, Cairo 24",2016,4,tt9353426
Movie,Natannethnuwa Dinna,2016,3,tt9720474
Movie,Pasukan Garuda: I Leave My Heart in Lebanon,2016,12,tt9209468
Movie,Mahabbat pur vice city,2016,7,tt6979170
Movie,Quan jinshu liehen,2016,8,tt15731624
Movie,Puthandiya,2016,7,tt9724492
Movie,Bhaiyyajaan,2016,10,tt7246746
Movie,Diamond Sword,2016,1,tt9011132
Movie,Harry Potter and the Cursed Child: London Show,2016,7,tt16116640
Movie,La Sorry,2016,6,tt8883024
Movie,Kryonik,2016,,tt9840806
Movie,Aatadukundam Raa,2016,8,tt6872516
Movie,El Tayta: Chapa tu choro,2016,11,tt8070024
Movie,Minecraft: Super-Heróis - O Filme,2016,8,tt15755604
Movie,The Last Disciples,2016,5,tt8338640
Movie,Resist!,2016,No consta,tt7380050
Movie,An Flying Arrow,2016,11,tt8870694
Movie,Sokrovishcha 12-ti bogov,2016,,tt8657914
Movie,Neelima Nalla Kuttiyanu vs. Chiranjeevi IPS,2016,12,tt8238166
Movie,Moonshine Meat Market Mayhem,2016,5,tt6848590
Movie,Roblox the Movie 2: The Attack of J.U.L.I.E.N,2016,6,tt17519036
Movie,Chima Lego Movie: The Battle Begins,2016,1,tt18345472
Movie,Chima Lego Movie: Sabor's Revenge,2016,1,tt18345488
Movie,Batman v Superman: Dawn of Justice Ultimate Edition,2016,6,tt18689424
Movie,Bhojpuria mazdoor,2016,1,tt19847190
Movie,No Contingency,2016,,tt21035790
Movie,The Chase,2016,7,tt21137304
Movie,Chal Chal Gurram,2016,10,tt21216336
Movie,Filth,2016,No consta,tt21287192
Movie,Wako,2016,10,tt21403214
Movie,Sons of New Orleans,2016,No consta,tt21920572
Movie,Namma Kudla Movie,2016,4,tt23643242
Movie,Shine 38,2016,11,tt24021330
Movie,Juvana 3: Perhitungan Terakhir,2016,9,tt24640238
Movie,Haider Gujjar,2016,,tt25364512
Movie,Trap,2016,1,tt26931770
Movie,I clan del Sud,2016,4,tt27201417
Movie,This Bright Flash,2016,4,tt27722576
Movie,"The Dark Corner, Jiang Hu Shui",2016,10,tt27816915
Movie,Shi xue jiang jun,2016,11,tt27842892
Movie,Wo de hei dao mei mei,2016,,tt27842774
Movie,Macario el mango,2016,,tt28310677
Movie,Santana City,2016,12,tt28527363
Movie,Chatra rajneeti,2016,8,tt28693570
Movie,More than love,2016,3,tt28936393
Movie,El Año del Apocalipsis,2016,,tt29686000
Movie,Narc Life,2016,5,tt29703070
Movie,Rekka Full Movie Dubbed in Hindi,2016,10,tt29716452
Movie,Bazneshaste,2016,No consta,tt30475025
Movie,Angela: Alma cautiva,2016,,tt30809650
Movie,Ghayal once again,2016,2,tt30877501
Movie,Ahir Regiment,2016,5,tt30877522
Movie,Zack Kapcai,2016,7,tt31473775
Movie,Asunto personal,2016,,tt31580057
Movie,8 Ball MC,2016,4,tt31829556
Movie,Lágrimas de sangre,2016,,tt32033895
Movie,What Goes Around Comes Around,2016,1,tt32214455
